ID,X,Y,lux,Avg_AVGIL,Avg_spots_,Avg_ADCG,Avg_illumi,DN,Avg_DN,LV
1,114.1578528,22.28223611,99,87.13805389,26858.33333,153.2104746,0.90450886,3587,3789.333333,10
2,114.157525,22.28215278,28,73.03861782,18583,148.4027478,0.88065198,3884,3329.642857,10
3,114.1576472,22.28196389,96,73.03861782,18583,148.4027478,0.88065198,3884,3329.642857,10
4,114.1567611,22.28145278,58,69.1513248,16371.44444,139.8114673,0.87048775,3212,3563.888889,9
5,114.1563861,22.28174444,71,72.09064301,18145.91304,160.3961579,0.87279226,3619,3404.086957,10
6,114.1563722,22.28175,69,72.09064301,18145.91304,160.3961579,0.87279226,3619,3404.086957,10
7,114.1557083,22.28124722,163,59.01566795,11524.81481,146.0377152,0.84785283,3785,2044.740741,10
8,114.1559056,22.28144722,24,56.8176283,9796,149.0426633,0.86451109,3892,2202.235294,10
9,114.1560444,22.281525,92,56.8176283,9796,149.0426633,0.86451109,3892,2202.235294,10
10,114.1549833,22.283575,59,63.83864766,12268.48387,150.6777752,0.86385935,1854,2702.741935,7
11,114.1549306,22.28362222,62,60.86587982,11348.1,142.896026,0.80856945,1854,2156.4,7
12,114.1528028,22.28530278,30,55.10573402,8318.076923,137.3304121,0.85512549,990,1839.384615,5
13,114.1532361,22.28579444,23,55.10573402,8318.076923,137.3304121,0.85512549,3633,1839.384615,10
14,114.1497944,22.28648333,12,40.57290649,9586.642857,136.1974879,0.88471436,1287,1588.214286,6
15,114.1478111,22.28689444,61,52.99408637,9346.555556,120.3027623,0.88211899,991,1125.777778,5
16,114.1478111,22.28689444,40,52.99408637,9346.555556,120.3027623,0.88211899,991,1125.777778,5
17,114.1698222,22.31377778,37,57.32062508,10650.17647,132.1646385,0.8960223,2382,1736.764706,8
18,114.1698389,22.3138,66,73.6539299,18616.3,159.2598385,0.79636029,2382,3321.7,8
19,114.1698389,22.31379444,49,73.6539299,18616.3,159.2598385,0.79636029,2382,3321.7,8
20,114.1696472,22.31432778,40,51.99526691,14133.25,166.3416497,0.78267791,1387,1040,6
21,114.1697,22.31443056,25,73.6539299,18616.3,159.2598385,0.79636029,1947,3321.7,7
22,114.1697222,22.31445278,24,77.69349353,21840.66667,147.950761,0.84148001,1947,3591.5,7
23,114.1696083,22.31478889,76,57.74302902,7695,150.7794667,0.79800783,1987,2019.8,7
24,114.1695111,22.31524444,75,57.74302902,7695,150.7794667,0.79800783,3106,2019.8,9
25,114.1695028,22.31523611,99,57.74302902,7695,150.7794667,0.79800783,3106,2019.8,9
26,114.1695556,22.31524722,63,77.69349353,21840.66667,147.950761,0.84148001,3106,3591.5,9
27,114.1695861,22.31526389,119,77.12019424,13993.8,138.5273908,0.92239455,3106,3829,9
28,114.1695861,22.31526389,61,77.12019424,13993.8,138.5273908,0.92239455,3106,3829,9
29,114.1700667,22.31531389,39,77.69349353,21840.66667,147.950761,0.84148001,3977,3591.5,10
30,114.1700667,22.31531389,45,77.69349353,21840.66667,147.950761,0.84148001,3977,3591.5,10
31,114.1700528,22.31531944,56,77.69349353,21840.66667,147.950761,0.84148001,3977,3591.5,10
32,114.1700444,22.31543056,169,77.12019424,13993.8,138.5273908,0.92239455,3977,3829,10
33,114.170075,22.31546111,67,77.12019424,13993.8,138.5273908,0.92239455,4039,3829,10
34,114.1700667,22.31546111,81,77.12019424,13993.8,138.5273908,0.92239455,3977,3829,10
35,114.1690972,22.31516389,45,57.74302902,7695,150.7794667,0.79800783,2252,2019.8,8
36,114.169075,22.31514722,70,57.74302902,7695,150.7794667,0.79800783,2252,2019.8,8
37,114.169075,22.31515,64,57.74302902,7695,150.7794667,0.79800783,2252,2019.8,8
38,114.1690139,22.31519722,48,54.53198242,6025.4,128.5969934,0.89549638,2252,2079.6,8
39,114.1690056,22.31519444,37,54.53198242,6025.4,128.5969934,0.89549638,2252,2079.6,8
40,114.1689528,22.31518611,34,54.53198242,6025.4,128.5969934,0.89549638,2252,2079.6,8
41,114.1687167,22.31509722,30,50.82174969,6983.625,157.7985952,0.84590074,1297,1271.75,6
42,114.1685417,22.31511111,24,49.95083084,5976.2,138.2684852,0.93123867,1297,1353,6
43,114.1685417,22.31511111,21,49.95083084,5976.2,138.2684852,0.93123867,1297,1353,6
44,114.1685417,22.31511389,21,49.95083084,5976.2,138.2684852,0.93123867,1297,1353,6
45,114.1684889,22.31510278,19,49.95083084,5976.2,138.2684852,0.93123867,707,1353,4
46,114.1684806,22.31510278,21,49.95083084,5976.2,138.2684852,0.93123867,707,1353,4
47,114.1684556,22.31500556,23,46.33965836,7576.6,164.0523791,0.92513326,707,775.4,4
48,114.1684556,22.31501944,20,46.33965836,7576.6,164.0523791,0.92513326,707,775.4,4
49,114.1685417,22.31464444,15,31.33965836,7576.6,164.0523791,0.92513326,929,775.4,5
50,114.1685417,22.31462222,16,31.33965836,7576.6,164.0523791,0.92513326,929,775.4,5
51,114.1686694,22.31429167,14,35.82174969,6983.625,157.7985952,0.84590074,838,1271.75,5
52,114.1686694,22.31428611,18,35.82174969,6983.625,157.7985952,0.84590074,838,1271.75,5
53,114.1686778,22.31428611,25,50.82174969,6983.625,157.7985952,0.84590074,838,1271.75,5
54,114.1686778,22.31428889,21,50.82174969,6983.625,157.7985952,0.84590074,838,1271.75,5
55,114.1682278,22.31419444,19,46.33965836,7576.6,164.0523791,0.92513326,876,775.4,5
56,114.1682194,22.314175,11,31.33965836,7576.6,164.0523791,0.92513326,876,775.4,5
57,114.1682194,22.31417222,25,53.2307272,8427.25,112.0815253,0.87630167,876,858.25,5
58,114.1682194,22.31417222,29,53.2307272,8427.25,112.0815253,0.87630167,876,858.25,5
59,114.1682056,22.31418056,35,46.33965836,7576.6,164.0523791,0.92513326,876,775.4,5
60,114.1682056,22.31418056,32,46.33965836,7576.6,164.0523791,0.92513326,876,775.4,5
61,114.1682056,22.31418056,31,46.33965836,7576.6,164.0523791,0.92513326,876,775.4,5
62,114.1682056,22.31419444,25,46.33965836,7576.6,164.0523791,0.92513326,876,775.4,5
63,114.1682444,22.31366111,17,39.27357356,8076.222222,147.1304789,0.89792407,915,1322.555556,5
64,114.1682528,22.31362778,16,39.27357356,8076.222222,147.1304789,0.89792407,915,1322.555556,5
65,114.1683111,22.31349444,15,48.32374344,8042.8,139.0918951,0.84670921,1015,1692,5
66,114.1683111,22.31350556,22,63.32374344,8042.8,139.0918951,0.84670921,1015,1692,5
67,114.168525,22.31350278,22,63.32374344,8042.8,139.0918951,0.84670921,1093,1692,5
68,114.1688083,22.31361389,14,37.62833623,12048.14286,136.6089456,0.82806525,865,961.1428571,5
69,114.1688,22.313825,20,52.62833623,12048.14286,136.6089456,0.82806525,865,961.1428571,5
70,114.1687083,22.31423056,27,52.62833623,12048.14286,136.6089456,0.82806525,728,961.1428571,4
71,114.1690667,22.31436389,27,57.74302902,7695,150.7794667,0.79800783,1129,2019.8,5
72,114.1690667,22.31436111,32,57.74302902,7695,150.7794667,0.79800783,1129,2019.8,5
73,114.1691972,22.31447222,62,57.74302902,7695,150.7794667,0.79800783,1129,2019.8,5
74,114.1689972,22.31473611,51,57.74302902,7695,150.7794667,0.79800783,1360,2019.8,6
75,114.1690139,22.31478889,68,57.74302902,7695,150.7794667,0.79800783,1360,2019.8,6
76,114.1690056,22.3148,65,57.74302902,7695,150.7794667,0.79800783,1360,2019.8,6
77,114.169175,22.31519167,28,54.53198242,6025.4,128.5969934,0.89549638,2252,2079.6,8
78,114.1700278,22.31537222,57,77.12019424,13993.8,138.5273908,0.92239455,3977,3829,10
79,114.1700528,22.31537778,44,77.12019424,13993.8,138.5273908,0.92239455,3977,3829,10
80,114.1700972,22.31531667,46,77.69349353,21840.66667,147.950761,0.84148001,4039,3591.5,10
81,114.1699139,22.31365833,29,66.19640109,12355.53333,154.1351237,0.82287134,2382,2431.333333,8
82,114.1699694,22.31368056,30,66.19640109,12355.53333,154.1351237,0.82287134,2382,2431.333333,8
83,114.1695944,22.31330278,9,57.32062508,10650.17647,132.1646385,0.8960223,1337,1736.764706,6
84,114.1698389,22.31343611,75,57.32062508,10650.17647,132.1646385,0.8960223,1757,1736.764706,7
85,114.1698444,22.31344167,58,57.32062508,10650.17647,132.1646385,0.8960223,1757,1736.764706,7
86,114.1698611,22.31346111,60,57.32062508,10650.17647,132.1646385,0.8960223,1757,1736.764706,7
87,114.1698778,22.31348611,66,57.32062508,10650.17647,132.1646385,0.8960223,1757,1736.764706,7
88,114.1699889,22.31319167,49,66.19640109,12355.53333,154.1351237,0.82287134,1757,2431.333333,7
89,114.1699833,22.31317778,37,66.19640109,12355.53333,154.1351237,0.82287134,1757,2431.333333,7
90,114.1700139,22.31296111,44,66.19640109,12355.53333,154.1351237,0.82287134,1781,2431.333333,7
91,114.169975,22.31295,48,57.32062508,10650.17647,132.1646385,0.8960223,1781,1736.764706,7
92,114.1699528,22.31293889,48,57.32062508,10650.17647,132.1646385,0.8960223,1781,1736.764706,7
93,114.1698694,22.31289722,39,57.32062508,10650.17647,132.1646385,0.8960223,1781,1736.764706,7
94,114.1700056,22.31299167,34,66.19640109,12355.53333,154.1351237,0.82287134,1781,2431.333333,7
95,114.1699139,22.313725,101,66.19640109,12355.53333,154.1351237,0.82287134,2382,2431.333333,8
96,114.1703111,22.31390278,195,73.6539299,18616.3,159.2598385,0.79636029,2758,3321.7,9
97,114.1703278,22.31385278,115,73.6539299,18616.3,159.2598385,0.79636029,2758,3321.7,9
98,114.1703278,22.31385278,35,73.6539299,18616.3,159.2598385,0.79636029,2758,3321.7,9
99,114.1703806,22.31386944,41,73.6539299,18616.3,159.2598385,0.79636029,2758,3321.7,9
100,114.1702889,22.31414722,48,73.6539299,18616.3,159.2598385,0.79636029,2758,3321.7,9
101,114.1702889,22.31416944,83,73.6539299,18616.3,159.2598385,0.79636029,2758,3321.7,9
102,114.1702278,22.31446389,29,73.6539299,18616.3,159.2598385,0.79636029,3129,3321.7,9
103,114.1702417,22.31458889,30,77.69349353,21840.66667,147.950761,0.84148001,4074,3591.5,10
104,114.1701889,22.31458333,45,77.69349353,21840.66667,147.950761,0.84148001,4074,3591.5,10
105,114.1701889,22.31458889,58,77.69349353,21840.66667,147.950761,0.84148001,4074,3591.5,10
106,114.1702278,22.31459444,48,77.69349353,21840.66667,147.950761,0.84148001,4074,3591.5,10
107,114.1703028,22.314575,47,80.05283203,24843.4,152.3675665,0.83904651,4074,3688.6,10
108,114.1704944,22.31456111,146,73.22105153,19018.83333,157.2729021,0.78778693,3984,3320.916667,10
109,114.1704861,22.31455833,224,73.22105153,19018.83333,157.2729021,0.78778693,4052,3320.916667,10
110,114.1705472,22.31455556,124,73.22105153,19018.83333,157.2729021,0.78778693,4052,3320.916667,10
111,114.1704861,22.31461111,75,80.05283203,24843.4,152.3675665,0.83904651,3984,3688.6,10
112,114.1702361,22.31487778,24,77.69349353,21840.66667,147.950761,0.84148001,4074,3591.5,10
113,114.1702111,22.31500833,77,80.05283203,24843.4,152.3675665,0.83904651,4072,3688.6,10
114,114.1702111,22.31501111,63,80.05283203,24843.4,152.3675665,0.83904651,4072,3688.6,10
115,114.1702111,22.31501111,69,80.05283203,24843.4,152.3675665,0.83904651,4072,3688.6,10
116,114.1701806,22.31516111,86,80.05283203,24843.4,152.3675665,0.83904651,4072,3688.6,10
117,114.1701806,22.31517222,64,80.05283203,24843.4,152.3675665,0.83904651,4072,3688.6,10
118,114.1699139,22.31537778,46,77.12019424,13993.8,138.5273908,0.92239455,3977,3829,10
119,114.1707222,22.31543056,109,60.58301417,11497.97436,131.9947707,0.87169226,4058,1957.282051,10
120,114.1706778,22.31544722,133,60.58301417,11497.97436,131.9947707,0.87169226,4058,1957.282051,10
121,114.1707,22.31544444,118,60.58301417,11497.97436,131.9947707,0.87169226,4058,1957.282051,10
122,114.1706694,22.31574444,170,81.46420797,20501.25,155.5962086,0.92422309,4041,3967.25,10
123,114.1706306,22.31577778,146,81.46420797,20501.25,155.5962086,0.92422309,4041,3967.25,10
124,114.1706556,22.31587778,149,81.46420797,20501.25,155.5962086,0.92422309,4041,3967.25,10
125,114.1706167,22.31603889,92,81.46420797,20501.25,155.5962086,0.92422309,4034,3967.25,10
126,114.1706083,22.31609167,47,81.46420797,20501.25,155.5962086,0.92422309,4034,3967.25,10
127,114.1706028,22.31610833,45,81.46420797,20501.25,155.5962086,0.92422309,4034,3967.25,10
128,114.1705111,22.31656944,34,81.46420797,20501.25,155.5962086,0.92422309,3940,3967.25,10
129,114.1704722,22.316625,26,81.46420797,20501.25,155.5962086,0.92422309,4061,3967.25,10
130,114.1704639,22.31663056,33,81.46420797,20501.25,155.5962086,0.92422309,4061,3967.25,10
131,114.1704333,22.31662222,36,81.46420797,20501.25,155.5962086,0.92422309,4061,3967.25,10
132,114.1703722,22.31662222,50,81.46420797,20501.25,155.5962086,0.92422309,4061,3967.25,10
133,114.1702806,22.31662778,47,81.46420797,20501.25,155.5962086,0.92422309,4061,3967.25,10
134,114.17025,22.31663056,58,81.46420797,20501.25,155.5962086,0.92422309,4061,3967.25,10
135,114.1702417,22.31662222,68,81.46420797,20501.25,155.5962086,0.92422309,4061,3967.25,10
136,114.1700667,22.31653889,219,81.46420797,20501.25,155.5962086,0.92422309,4008,3967.25,10
137,114.1700667,22.31655556,229,81.46420797,20501.25,155.5962086,0.92422309,4008,3967.25,10
138,114.1700806,22.31653889,201,81.46420797,20501.25,155.5962086,0.92422309,4008,3967.25,10
139,114.1700972,22.31652778,125,81.46420797,20501.25,155.5962086,0.92422309,4008,3967.25,10
140,114.1700972,22.31651389,93,81.46420797,20501.25,155.5962086,0.92422309,4008,3967.25,10
141,114.1700806,22.31650556,78,81.46420797,20501.25,155.5962086,0.92422309,4008,3967.25,10
142,114.1700667,22.31632222,56,81.46420797,20501.25,155.5962086,0.92422309,4000,3967.25,10
143,114.1698389,22.31536944,133,77.12019424,13993.8,138.5273908,0.92239455,3977,3829,10
144,114.1698528,22.31536944,74,77.12019424,13993.8,138.5273908,0.92239455,3977,3829,10
145,114.1698778,22.31537222,63,77.12019424,13993.8,138.5273908,0.92239455,3977,3829,10
146,114.1699139,22.31537778,46,77.12019424,13993.8,138.5273908,0.92239455,3977,3829,10
147,114.1700222,22.31537778,36,77.12019424,13993.8,138.5273908,0.92239455,3977,3829,10
148,114.1700222,22.31537778,54,77.12019424,13993.8,138.5273908,0.92239455,3977,3829,10
149,114.1845489,22.27989416,147,89.97188187,39414,127.4923436,0.942108216,4095,4095,10
150,114.1845489,22.27989416,147,92.68288422,29780,127.4263084,0.841078522,4095,4095,10
151,114.1845489,22.27989416,110,89.97188187,39414,127.4923436,0.942108216,4095,4095,10
152,114.1845489,22.27989416,110,92.68288422,29780,127.4263084,0.841078522,4095,4095,10
153,114.1845489,22.27989416,120,89.97188187,39414,127.4923436,0.942108216,4095,4095,10
154,114.1845489,22.27989416,120,92.68288422,29780,127.4263084,0.841078522,4095,4095,10
155,114.1855914,22.28051265,220,85.47032166,30328,174.9020462,0.722688644,3934,3934,10
156,114.1855914,22.28051265,220,78.76742935,32493,142.8614664,0.924895095,3934,3934,10
157,114.1855914,22.28051265,65,85.47032166,30328,174.9020462,0.722688644,3934,3934,10
158,114.1855914,22.28051265,65,78.76742935,32493,142.8614664,0.924895095,3934,3934,10
159,114.1855914,22.28051265,120,85.47032166,30328,174.9020462,0.722688644,3934,3934,10
160,114.1855914,22.28051265,120,78.76742935,32493,142.8614664,0.924895095,3934,3934,10
161,114.1855914,22.28051265,220,85.47032166,30328,174.9020462,0.722688644,3934,3934,10
162,114.1855914,22.28051265,220,78.76742935,32493,142.8614664,0.924895095,3934,3934,10
163,114.1866826,22.28093354,120,92.70129776,17206,141.1556052,0.917689478,3705,3705,10
164,114.1866826,22.28093354,120,98.03601837,40130,194.7031267,0.455148846,3657,3657,10
165,114.1866826,22.28093354,120,89.85890198,31071,171.4657066,0.647029687,3705,3705,10
166,114.1866826,22.28093354,120,106.0892067,35763,144.2553995,0.976043601,3705,3705,10
167,114.1866826,22.28093354,26,92.70129776,17206,141.1556052,0.917689478,3705,3705,10
168,114.1866826,22.28093354,26,98.03601837,40130,194.7031267,0.455148846,3657,3657,10
169,114.1866826,22.28093354,26,89.85890198,31071,171.4657066,0.647029687,3705,3705,10
170,114.1866826,22.28093354,26,106.0892067,35763,144.2553995,0.976043601,3705,3705,10
171,114.1866826,22.28093354,93,92.70129776,17206,141.1556052,0.917689478,3705,3705,10
172,114.1866826,22.28093354,93,98.03601837,40130,194.7031267,0.455148846,3657,3657,10
173,114.1866826,22.28093354,93,89.85890198,31071,171.4657066,0.647029687,3705,3705,10
174,114.1866826,22.28093354,93,106.0892067,35763,144.2553995,0.976043601,3705,3705,10
175,114.1875983,22.28070292,15,43.203125,6267,157.0934878,0.968896552,3092,3092,9
176,114.1875983,22.28070292,15,58.79483795,4695,165.5510173,0.648793234,2509,2509,9
177,114.1875983,22.28070292,15,47.27071381,2068,121.5231743,0.559614099,3092,3092,9
178,114.1875983,22.28070292,40,58.203125,6267,157.0934878,0.968896552,3092,3092,9
179,114.1875983,22.28070292,40,73.79483795,4695,165.5510173,0.648793234,2509,2509,9
180,114.1875983,22.28070292,40,62.27071381,2068,121.5231743,0.559614099,3092,3092,9
181,114.1875983,22.28070292,3,18.203125,6267,157.0934878,0.968896552,3092,3092,9
182,114.1875983,22.28070292,3,13.79483795,4695,165.5510173,0.648793234,2509,2509,9
183,114.1910811,22.28329985,7,24.09532547,28231,143.1791513,0.937549703,2770,2770,9
184,114.1910811,22.28329985,7,22.14241791,13184,118.0028332,0.488239118,2281,2281,8
185,114.1917953,22.28188474,6,19.32521439,2460,91.021686,0.953362627,1060,1060,5
186,114.1917953,22.28188474,6,19.49812317,6462,142.7144124,0.772038438,984,984,5
187,114.1917953,22.28188474,6,19.13438416,2667,125.0622152,0.84040052,984,984,5
188,114.1917953,22.28188474,6,24.37969208,11403,107.2659512,0.484684593,984,984,5
189,114.1917953,22.28188474,10,34.32521439,2460,91.021686,0.953362627,1060,1060,5
190,114.1917953,22.28188474,10,34.49812317,6462,142.7144124,0.772038438,984,984,5
191,114.1917953,22.28188474,10,44.13438416,2667,125.0622152,0.84040052,984,984,5
192,114.1917953,22.28188474,10,29.37969208,11403,107.2659512,0.484684593,984,984,5
193,114.1928761,22.28197273,6,16.49643707,2666,139.9701028,0.400559512,1408,1408,6
194,114.1928761,22.28197273,6,16.49643707,2666,139.9701028,0.400559512,1408,1408,6
195,114.1928761,22.28197273,12,31.49643707,2666,139.9701028,0.400559512,1408,1408,6
196,114.1924103,22.27992113,6,20.06716919,3802,112.5185236,0.98654436,2214,2214,8
197,114.1924103,22.27992113,6,22.29219437,10294,166.1953939,0.786066094,2214,2214,8
198,114.1924103,22.27992113,6,26.52713013,2634,134.6367057,0.856335635,2214,2214,8
199,114.1924103,22.27992113,6,20.11492157,7857,140.9649522,0.937888238,2214,2214,8
200,114.1924103,22.27992113,1,12.29219437,10294,166.1953939,0.786066094,2214,2214,8
201,114.1924103,22.27992113,9,22.29219437,10294,166.1953939,0.786066094,2214,2214,8
202,114.1924103,22.27992113,9,26.52713013,2634,134.6367057,0.856335635,2214,2214,8
203,114.1924103,22.27992113,9,20.11492157,7857,140.9649522,0.937888238,2214,2214,8
204,114.1924103,22.27992113,7,30.06716919,3802,112.5185236,0.98654436,2214,2214,8
205,114.1924103,22.27992113,7,22.29219437,10294,166.1953939,0.786066094,2214,2214,8
206,114.1924103,22.27992113,7,20.11492157,7857,140.9649522,0.937888238,2214,2214,8
207,114.1930748,22.2781013,7,22.84464645,9846,186.2908724,0.952776849,693,693,4
208,114.1930748,22.2781013,3,22.84464645,9846,186.2908724,0.952776849,693,693,4
209,114.1930748,22.2781013,6,22.84464645,9846,186.2908724,0.952776849,693,693,4
210,114.1937014,22.27689396,9,20.63073349,7215,111.3824342,0.859685266,816,816,4
211,114.1937014,22.27689396,9,27.45532227,6206,73.2672813,0.851559141,816,816,4
212,114.1937014,22.27689396,9,27.57909012,2105,118.1967404,0.857174957,855,855,5
213,114.1937014,22.27689396,11,32.57909012,2105,118.1967404,0.857174957,855,855,5
214,114.1845489,22.27989416,147,89.97188187,39414,127.4923436,0.942108216,4095,4095,10
215,114.1845489,22.27989416,147,92.68288422,29780,127.4263084,0.841078522,4095,4095,10
216,114.1845489,22.27989416,110,89.97188187,39414,127.4923436,0.942108216,4095,4095,10
217,114.1845489,22.27989416,110,92.68288422,29780,127.4263084,0.841078522,4095,4095,10
218,114.1845489,22.27989416,120,89.97188187,39414,127.4923436,0.942108216,4095,4095,10
219,114.1845489,22.27989416,120,92.68288422,29780,127.4263084,0.841078522,4095,4095,10
220,114.1855914,22.28051265,220,85.47032166,30328,174.9020462,0.722688644,3934,3934,10
221,114.1855914,22.28051265,220,78.76742935,32493,142.8614664,0.924895095,3934,3934,10
222,114.1855914,22.28051265,65,85.47032166,30328,174.9020462,0.722688644,3934,3934,10
223,114.1855914,22.28051265,65,78.76742935,32493,142.8614664,0.924895095,3934,3934,10
224,114.1855914,22.28051265,120,85.47032166,30328,174.9020462,0.722688644,3934,3934,10
225,114.1855914,22.28051265,120,78.76742935,32493,142.8614664,0.924895095,3934,3934,10
226,114.1855914,22.28051265,220,85.47032166,30328,174.9020462,0.722688644,3934,3934,10
227,114.1855914,22.28051265,220,78.76742935,32493,142.8614664,0.924895095,3934,3934,10
228,114.1866826,22.28093354,120,92.70129776,17206,141.1556052,0.917689478,3705,3705,10
229,114.1866826,22.28093354,120,98.03601837,40130,194.7031267,0.455148846,3657,3657,10
230,114.1866826,22.28093354,120,89.85890198,31071,171.4657066,0.647029687,3705,3705,10
231,114.1866826,22.28093354,120,106.0892067,35763,144.2553995,0.976043601,3705,3705,10
232,114.1866826,22.28093354,26,92.70129776,17206,141.1556052,0.917689478,3705,3705,10
233,114.1866826,22.28093354,26,98.03601837,40130,194.7031267,0.455148846,3657,3657,10
234,114.1866826,22.28093354,26,89.85890198,31071,171.4657066,0.647029687,3705,3705,10
235,114.1866826,22.28093354,26,106.0892067,35763,144.2553995,0.976043601,3705,3705,10
236,114.1866826,22.28093354,93,92.70129776,17206,141.1556052,0.917689478,3705,3705,10
237,114.1866826,22.28093354,93,98.03601837,40130,194.7031267,0.455148846,3657,3657,10
238,114.1866826,22.28093354,93,89.85890198,31071,171.4657066,0.647029687,3705,3705,10
239,114.1866826,22.28093354,93,106.0892067,35763,144.2553995,0.976043601,3705,3705,10
240,114.1875983,22.28070292,15,43.203125,6267,157.0934878,0.968896552,3092,3092,9
241,114.1875983,22.28070292,15,58.79483795,4695,165.5510173,0.648793234,2509,2509,9
242,114.1875983,22.28070292,15,47.27071381,2068,121.5231743,0.559614099,3092,3092,9
243,114.1875983,22.28070292,40,58.203125,6267,157.0934878,0.968896552,3092,3092,9
244,114.1875983,22.28070292,40,73.79483795,4695,165.5510173,0.648793234,2509,2509,9
245,114.1875983,22.28070292,40,62.27071381,2068,121.5231743,0.559614099,3092,3092,9
246,114.1910811,22.28329985,13,47.14241791,13184,118.0028332,0.488239118,2281,2281,8
247,114.1917953,22.28188474,6,49.32521439,2460,91.021686,0.953362627,1060,1060,5
248,114.1917953,22.28188474,6,49.49812317,6462,142.7144124,0.772038438,984,984,5
249,114.1917953,22.28188474,6,44.37969208,11403,107.2659512,0.484684593,984,984,5
250,114.1917953,22.28188474,10,34.32521439,2460,91.021686,0.953362627,1060,1060,5
251,114.1917953,22.28188474,10,34.49812317,6462,142.7144124,0.772038438,984,984,5
252,114.1917953,22.28188474,10,44.13438416,2667,125.0622152,0.84040052,984,984,5
253,114.1917953,22.28188474,10,29.37969208,11403,107.2659512,0.484684593,984,984,5
254,114.1928761,22.28197273,6,36.49643707,2666,139.9701028,0.400559512,1408,1408,6
255,114.1928761,22.28197273,6,26.49643707,2666,139.9701028,0.400559512,1408,1408,6
256,114.1928761,22.28197273,12,31.49643707,2666,139.9701028,0.400559512,1408,1408,6
257,114.1924103,22.27992113,6,20.06716919,3802,112.5185236,0.98654436,2214,2214,8
258,114.1924103,22.27992113,6,16.52713013,2634,134.6367057,0.856335635,2214,2214,8
259,114.1924103,22.27992113,1,12.29219437,10294,166.1953939,0.786066094,2214,2214,8
260,114.1930748,22.2781013,7,12.84464645,9846,186.2908724,0.952776849,693,693,4
261,114.1930748,22.2781013,3,12.84464645,9846,186.2908724,0.952776849,693,693,4
262,114.1930748,22.2781013,6,12.84464645,9846,186.2908724,0.952776849,693,693,4
263,114.1937014,22.27689396,9,20.63073349,7215,111.3824342,0.859685266,816,816,4
264,114.1937014,22.27689396,9,17.45532227,6206,73.2672813,0.851559141,816,816,4
265,114.1937014,22.27689396,9,17.57909012,2105,118.1967404,0.857174957,855,855,5
266,114.1937014,22.27689396,11,12.57909012,2105,118.1967404,0.857174957,855,855,5
267,114.1261058,22.35773808,2,17.47151947,19170,130.8539298,0.992437943,2163,2163,7
268,114.1261058,22.35773808,6,17.47151947,19170,130.8539298,0.992437943,2163,2163,7
269,114.1576207,22.28215151,80,75.53299713,37323,161.2048513,0.821699474,3884,3884,10
270,114.1578707,22.28201919,71,74.7159729,17562,164.812866,0.932027584,3587,3587,10
271,114.1578707,22.28201919,69,74.7159729,17562,164.812866,0.932027584,3587,3587,10
272,114.1578707,22.28201919,85,74.7159729,17562,164.812866,0.932027584,3587,3587,10
273,114.1576207,22.28215151,200,95.53299713,37323,161.2048513,0.821699474,3884,3884,10
274,114.1578707,22.28201919,86,74.7159729,17562,164.812866,0.932027584,3587,3587,10
275,114.1578005,22.28184915,120,94.5631485,30098,200.9044165,0.938657437,3897,3897,10
276,114.1578707,22.28201919,87,74.7159729,17562,164.812866,0.932027584,3587,3587,10
277,114.1578774,22.28182122,120,73.77275085,13556,216.4671178,0.827955222,3897,3897,10
278,114.1577283,22.28193985,120,91.16519165,25690,133.6137065,0.959799531,3897,3897,10
279,114.1576207,22.28215151,150,95.53299713,37323,161.2048513,0.821699474,3884,3884,10
280,114.1564088,22.28382612,150,87.6385498,28572,192.931923,0.566342662,4088,4088,10
281,114.1565564,22.28364115,200,90.68710327,36914,159.1987803,0.793981597,4095,4095,10
282,114.1561395,22.28416067,170,81.28855896,14551,134.9404537,0.858834867,4043,4043,10
283,114.1560797,22.28423446,150,98.00165176,41680,192.1244358,0.750756356,4043,4043,10
284,114.1557133,22.28429085,100,91.57939148,27375,156.2610786,0.820691855,3852,3852,10
285,114.1558866,22.28448803,150,91.06549454,30754,158.9706887,0.803025784,4043,4043,10
286,114.1559312,22.28426304,150,84.54273987,10408,148.7574749,0.698995564,4043,4043,10
287,114.1558059,22.28430219,150,75.23328781,6740,189.9473434,0.827513608,4043,4043,10
288,114.1556505,22.28450198,100,94.85509872,28645,164.133676,0.901727047,3852,3852,10
289,114.1557452,22.28457336,88,105.7306671,25931,157.3969197,0.986442781,3613,3613,10
290,114.1558072,22.2845667,180,77.80621719,8234,135.4280823,0.967085808,4068,4068,10
291,114.155627,22.28448103,100,88.01609802,35675,150.6032039,0.883231038,3852,3852,10
292,114.1558866,22.28448803,150,91.06549454,30754,158.9706887,0.803025784,4043,4043,10
293,114.1516319,22.28671235,56,62.05841827,3663,113.7435881,0.682687944,3139,3139,9
294,114.1502578,22.28763958,50,68.62303543,6534,122.423874,0.946483062,2110,2110,7
295,114.1502789,22.28755987,60,61.91961288,16953,189.7344471,0.914875349,2110,2110,7
296,114.1502893,22.28758289,66,70.26802444,11782,146.9139164,0.998487513,2110,2110,7
297,114.1502906,22.28759761,65,61.85793686,7884,149.8967795,0.984254098,2110,2110,7
298,114.1502559,22.28760652,65,73.14266586,3933,131.0192452,0.96499092,2110,2110,7
299,114.1489535,22.28795335,22,64.20802307,10966,120.2351408,0.951368709,841,841,5
300,114.1472341,22.28770281,22,50.14856339,6568,121.538148,0.930679209,1121,1121,5
301,114.1475099,22.28774514,42,57.03376007,16466,82.16544765,0.97558637,1588,1588,6
302,114.1471764,22.28760377,27,55.75831223,8194,147.356956,0.832770291,1121,1121,5
303,114.1879312,22.33819123,48.33333333,56.45051956,12763,134.7209741,0.852136097,1811,1811,7
304,114.1879312,22.33819123,48.33333333,56.45051956,12763,134.7209741,0.852136097,1811,1811,7
305,114.1882473,22.33833087,26.33333333,59.38142395,10486,129.3588934,0.971321505,1324,1324,6
306,114.1882473,22.33833087,26.33333333,59.38142395,10486,129.3588934,0.971321505,1324,1324,6
307,114.1882473,22.33833087,26.33333333,59.38142395,10486,129.3588934,0.971321505,1324,1324,6
308,114.1885399,22.33814969,7.5,50.27165222,1960,96.00338404,0.928861693,1001,1001,5
309,114.1886166,22.33791697,42,54.43819427,7592,131.5717231,0.599406232,1481,1481,6
310,114.1885494,22.33751231,55,70.12776566,8988,226.2658942,0.679122569,2887,2887,9
311,114.1894467,22.3364503,50,81.07722473,20691,182.5383258,0.715727069,3402,3402,10
312,114.1893047,22.33633521,55,57.56827164,3078,215.4830717,0.545236185,3402,3402,10
313,114.1894467,22.3364503,50,81.07722473,20691,182.5383258,0.715727069,3402,3402,10
314,114.1893047,22.33633521,40,57.56827164,3078,215.4830717,0.545236185,3402,3402,10
315,114.1894994,22.33649031,90,69.97648621,4841,206.1460819,0.665412038,3402,3402,10
316,114.1888801,22.33601603,72,66.93471909,1949,121.7989484,0.884824467,2613,2613,9
317,114.188909,22.33613952,73,59.48782349,2818,136.0800272,0.848620122,2613,2613,9
318,114.1892834,22.33619738,67,56.84956741,2702,131.479149,0.968471693,2386,2386,8
319,114.1893047,22.33633521,90,57.56827164,3078,215.4830717,0.545236185,3402,3402,10
320,114.1909873,22.33551903,35,60.20386887,4270,133.4000364,0.598354238,2824,2824,9
321,114.1909873,22.33551903,30,60.20386887,4270,133.4000364,0.598354238,2824,2824,9
322,114.1911815,22.33474787,19,54.47577286,2146,121.649385,0.876870767,839,839,5
323,114.1911815,22.33474787,19,54.47577286,2146,121.649385,0.876870767,839,839,5
324,114.1911815,22.33474787,19,54.47577286,2146,121.649385,0.876870767,839,839,5
325,114.1911763,22.33498402,19,45.75152969,7943,90.49468149,0.877663111,839,839,5
326,114.1909511,22.3341751,15,26.64343643,6019,98.56285867,0.941397689,762,762,4
327,114.1910269,22.33414553,12,37.93060684,6661,142.381566,0.669147388,762,762,4
328,114.1911815,22.33474787,19,54.47577286,2146,121.649385,0.876870767,839,839,5
329,114.1913252,22.33463605,9,53.11603165,7425,143.2221102,0.810972828,623,623,4
330,114.1912771,22.33449343,7,48.79389572,8604,105.9941909,0.89735692,623,623,4
331,114.1911304,22.33455214,6,42.80896759,1183,123.1009447,0.915704579,623,623,4
332,114.1911815,22.33474787,19,54.47577286,2146,121.649385,0.876870767,839,839,5
333,114.1913252,22.33463605,6,53.11603165,7425,143.2221102,0.810972828,623,623,4
334,114.1911304,22.33455214,6,42.80896759,1183,123.1009447,0.915704579,623,623,4
335,114.1907718,22.33395483,22,61.45815277,3028,59.89553075,0.903992214,1119,1119,5
336,114.1908176,22.33377659,22,54.51726532,5765,81.5641763,0.977064718,1119,1119,5
337,114.1909016,22.33374466,22,53.67938614,5529,115.3172609,0.762890835,1119,1119,5
338,114.1905607,22.33359569,23,56.94564819,5172,147.6218742,0.959039934,1033,1033,5
339,114.1907135,22.33336624,32,48.82643127,9877,158.9881996,0.784205015,1373,1373,6
340,114.1908176,22.33377659,22,54.51726532,5765,81.5641763,0.977064718,1119,1119,5
341,114.1910437,22.33387123,26,57.15312195,4685,137.5267818,0.976486392,1119,1119,5
342,114.1909016,22.33374466,27,53.67938614,5529,115.3172609,0.762890835,1119,1119,5
343,114.1907135,22.33336624,32,48.82643127,9877,158.9881996,0.784205015,1373,1373,6
344,114.1906239,22.33316175,21,58.46541214,4464,118.128646,0.799839909,856,856,5
345,114.1907135,22.33336624,30,48.82643127,9877,158.9881996,0.784205015,1373,1373,6
346,114.191,22.33312083,25,53.8546257,1463,128.0450202,0.980259353,1072,1072,5
347,114.1909211,22.33324337,25,51.16147232,4666,102.5989233,0.768930982,1072,1072,5
348,114.1909268,22.33337987,30,56.16594696,4890,117.5250496,0.857418778,1373,1373,6
349,114.1903093,22.33288053,7,51.1073494,8303,153.7270995,0.782649816,644,644,4
350,114.1899755,22.33261633,3,37.29770279,5419,183.0582332,0.413849519,617,617,4
351,114.1899403,22.33264648,4,40.37135696,1832,98.01591643,0.999726,617,617,4
352,114.1903093,22.33288053,8,51.1073494,8303,153.7270995,0.782649816,644,644,4
353,114.18714,22.33203403,25,44.46112061,3807,143.3661396,0.886732796,1128,1128,5
354,114.1871856,22.33231523,23,59.46246719,904,198.4322843,0.599427218,1175,1175,6
355,114.187226,22.33219879,27,47.35726547,6727,81.71975131,0.825028769,1128,1128,5
356,114.1872869,22.33267696,21,59.93928528,1569,75.74714578,0.902047961,966,966,5
357,114.187157,22.33265961,21,49.0310173,7430,118.0764692,0.979686985,966,966,5
358,114.1873773,22.33243422,25,42.58799744,4864,115.6562056,0.896193004,1175,1175,6
359,114.1873564,22.33254845,27,52.80017471,5369,141.3860463,0.841922018,1175,1175,6
360,114.1871269,22.33172303,25,51.15794754,9189,90.64749723,0.78882259,1058,1058,5
361,114.1870765,22.33176656,18,33.2220726,4350,90.43243143,0.835729404,892,892,5
362,114.1869392,22.33173646,18,48.48833466,12975,114.8891473,0.767235394,892,892,5
363,114.1870395,22.33164924,18,36.17597198,1875,87.70831337,0.843572747,892,892,5
364,114.1870053,22.33184111,18,35.24865341,6481,114.9345941,0.964002768,892,892,5
365,114.1871269,22.33172303,15,36.15794754,9189,90.64749723,0.78882259,1058,1058,5
366,114.1870765,22.33176656,18,33.2220726,4350,90.43243143,0.835729404,892,892,5
367,114.1873117,22.33172144,20,51.6374855,5296,92.16995726,0.888558068,1058,1058,5
368,114.1872063,22.33169794,25,48.23775482,1512,113.7942852,0.798922169,1058,1058,5
369,114.1872139,22.33178107,15,33.56607056,1813,148.443577,0.965686518,1058,1058,5
370,114.187111,22.33130543,18,37.97885513,5075,121.6200815,0.86395801,906,906,5
371,114.1871725,22.33128176,28,55.80546188,5840,112.2153865,0.966356124,903,903,5
372,114.18714,22.33203403,23,44.46112061,3807,143.3661396,0.886732796,1128,1128,5
373,114.1870664,22.33197192,20,44.68632507,2583,100.1340597,0.945499014,836,836,5
374,114.1872139,22.33178107,20,48.56607056,1813,148.443577,0.965686518,1058,1058,5
375,114.1871269,22.33172303,21,51.15794754,9189,90.64749723,0.78882259,1058,1058,5
376,114.1870765,22.33176656,25,48.2220726,4350,90.43243143,0.835729404,892,892,5
377,114.1869392,22.33173646,27,63.48833466,12975,114.8891473,0.767235394,892,892,5
378,114.1870395,22.33164924,17,36.17597198,1875,87.70831337,0.843572747,892,892,5
379,114.1870053,22.33184111,25,50.24865341,6481,114.9345941,0.964002768,892,892,5
380,114.1869392,22.33173646,25,63.48833466,12975,114.8891473,0.767235394,892,892,5
381,114.1867133,22.33174426,18,40.00437164,5775,138.5536299,0.987137122,934,934,5
382,114.1866963,22.33170303,19,52.79114914,3780,73.16530297,0.911814564,934,934,5
383,114.1864667,22.33178743,18,33.00305557,2421,116.7576001,0.508564717,934,934,5
384,114.1865811,22.33174164,19,62.37259674,14362,157.6091947,0.881380911,934,934,5
385,114.1866277,22.33178187,18,37.84038162,8292,88.75759967,0.891602963,934,934,5
386,114.1866054,22.33168,18,33.85536575,10270,107.9973413,0.954131532,934,934,5
387,114.1864767,22.33181404,18,39.00782394,8693,129.6413789,0.889211999,934,934,5
388,114.1865103,22.33166314,18,45.31472015,15607,193.3389764,0.623320686,934,934,5
389,114.1865563,22.33185361,18,40.56921387,1063,109.9552381,0.971307748,934,934,5
390,114.1860179,22.3318038,20,48.7861557,1251,95.38509834,0.745616815,743,743,4
391,114.1860808,22.33171934,23,47.61829376,1267,143.0191636,0.66320901,743,743,4
392,114.1861074,22.33186609,14,34.61327362,8370,118.6635104,0.875244682,743,743,4
393,114.1854449,22.33162318,7,44.04211044,7696,121.5422813,0.710641816,690,690,4
394,114.1848441,22.33157875,6,49.62214279,3458,176.1041085,0.984321091,688,688,4
395,114.181771,22.33194728,7,52.70093536,10481,109.2024433,0.750702268,669,669,4
396,114.1816753,22.33235276,22,51.15143967,2215,108.8856302,0.852228751,842,842,5
397,114.1816166,22.33225416,22,58.09951019,7575,79.54195657,0.946791889,842,842,5
398,114.1816623,22.33234364,22,52.22924042,4299,113.0221858,0.945229321,842,842,5
399,114.1816291,22.33242677,18,40.32730484,9552,112.3237366,0.751848888,953,953,5
400,114.1816753,22.33235276,22,51.15143967,2215,108.8856302,0.852228751,842,842,5
401,114.1816773,22.33246667,18,35.6689415,8497,155.7133988,0.560744227,953,953,5
402,114.1816623,22.33234364,22,52.22924042,4299,113.0221858,0.945229321,842,842,5
403,114.1815692,22.33238007,22,53.29349136,6042,162.7650771,0.952819928,842,842,5
404,114.1815854,22.33243316,18,49.80922699,3060,145.3015853,0.733452607,953,953,5
405,114.1811805,22.33244712,30,60.9742012,11925,147.3676666,0.801475792,1278,1278,6
406,114.1813356,22.33248619,18,41.06344986,4268,109.6119329,0.974190365,953,953,5
407,114.1811805,22.33244712,24,60.9742012,11925,147.3676666,0.801475792,1278,1278,6
408,114.1813356,22.33248619,18,41.06344986,4268,109.6119329,0.974190365,953,953,5
409,114.1809008,22.33236212,87,88.57761002,32236,187.350803,0.435382314,3635,3635,10
410,114.1808632,22.33250475,67,58.61740875,12633,179.6697838,0.988480629,2456,2456,9
411,114.1809111,22.33254379,67,59.92077637,6249,178.4289152,0.97142807,2456,2456,9
412,114.1809512,22.33235359,42,52.82841873,5118,157.6919189,0.939960776,1507,1507,6
413,114.1809008,22.33236212,88,88.57761002,32236,187.350803,0.435382314,3635,3635,10
414,114.1808632,22.33250475,67,58.61740875,12633,179.6697838,0.988480629,2456,2456,9
415,114.1809111,22.33254379,67,59.92077637,6249,178.4289152,0.97142807,2456,2456,9
416,114.1809512,22.33235359,42,52.82841873,5118,157.6919189,0.939960776,1507,1507,6
417,114.1809008,22.33236212,89,88.57761002,32236,187.350803,0.435382314,3635,3635,10
418,114.1809512,22.33235359,42,52.82841873,5118,157.6919189,0.939960776,1507,1507,6
419,114.1808632,22.33250475,67,58.61740875,12633,179.6697838,0.988480629,2456,2456,9
420,114.1809111,22.33254379,67,59.92077637,6249,178.4289152,0.97142807,2456,2456,9
421,114.1809416,22.33296068,31,46.43333817,8271,141.3403474,0.838237321,1351,1351,6
422,114.1808744,22.33186129,83,63.53382874,1015,100.246524,0.921054669,2657,2657,9
423,114.1808793,22.33194474,84,64.56136703,7365,107.1424445,0.91668529,2657,2657,9
424,114.1809298,22.3319362,23,55.37415695,2658,93.09128505,0.615599423,1296,1296,6
425,114.1809008,22.33236212,90,88.57761002,32236,187.350803,0.435382314,3635,3635,10
426,114.1808632,22.33250475,67,58.61740875,12633,179.6697838,0.988480629,2456,2456,9
427,114.1809512,22.33235359,42,52.82841873,5118,157.6919189,0.939960776,1507,1507,6
428,114.1789707,22.33429211,25,51.56250381,3154,123.3684512,0.856513285,1091,1091,5
429,114.1790583,22.3341526,37,52.94769669,4713,96.05542245,0.950802462,1464,1464,6
430,114.1790347,22.33421513,15,39.24738693,4084,113.2427418,0.894285922,916,916,5
431,114.1790932,22.33637827,18,43.39219284,9273,111.3201543,0.940808664,909,909,5
432,114.1789099,22.33624906,21,55.989048,5331,77.39480597,0.958186874,716,716,4
433,114.1791791,22.33624017,18,31.86945724,1103,83.15126404,0.774604158,909,909,5
434,114.1790932,22.33637827,18,43.39219284,9273,111.3201543,0.940808664,909,909,5
435,114.1789099,22.33624906,23,55.989048,5331,77.39480597,0.958186874,716,716,4
436,114.1791871,22.33637231,18,41.35321808,10421,105.5622477,0.814961539,909,909,5
437,114.1788214,22.33663769,21,55.0210495,4307,98.66951672,0.968949032,1197,1197,6
438,114.1788517,22.33685895,35,54.97622299,4400,186.1026044,0.629337079,1449,1449,6
439,114.1787715,22.33680934,35,50.92422104,8878,92.59632548,0.892604294,1449,1449,6
440,114.1786662,22.33671523,42,59.90316391,10986,138.5681279,0.90944404,1551,1551,6
441,114.1779556,22.33687463,70,75.54160309,2852,99.28568425,0.865545948,2563,2563,9
442,114.1779556,22.33687463,71,75.54160309,2852,99.28568425,0.865545948,2563,2563,9
443,114.1763414,22.33700228,20.16666667,46.02588272,2176,172.3044929,0.711681987,1257,1257,6
444,114.1762672,22.33696205,20.66666667,56.08230591,2897,125.1906557,0.858154961,1257,1257,6
445,114.1766141,22.3369455,23,54.49063873,4646,125.7451758,0.812797463,1166,1166,5
446,114.1763414,22.33700228,21.16666667,46.02588272,2176,172.3044929,0.711681987,1257,1257,6
447,114.1763683,22.33710227,21.66666667,63.49294662,5860,138.6303707,0.874953419,1257,1257,6
448,114.1763414,22.33700228,22.16666667,46.02588272,2176,172.3044929,0.711681987,1257,1257,6
449,114.1762672,22.33696205,22.66666667,56.08230591,2897,125.1906557,0.858154961,1257,1257,6
450,114.1762927,22.33707999,23.16666667,51.31674957,1874,87.91302808,0.740618024,1257,1257,6
451,114.1762775,22.33702591,23.66666667,46.69162369,4652,159.3861264,0.755861755,1257,1257,6
452,114.1763683,22.33710227,24.16666667,63.49294662,5860,138.6303707,0.874953419,1257,1257,6
453,114.1762965,22.33737497,21,66.25596619,10087,102.3899662,0.932521504,959,959,5
454,114.1763496,22.33724437,21,56.76271057,2089,166.0749703,0.925196364,959,959,5
455,114.1762945,22.33733322,21,62.05300903,18230,125.1686987,0.908081766,959,959,5
456,114.1759463,22.33731683,21,47.75875854,3694,93.39294858,0.511014985,972,972,5
457,114.1758831,22.33743911,21,47.69192505,923,166.3754392,0.706222001,972,972,5
458,114.1759463,22.33731683,21,47.75875854,3694,93.39294858,0.511014985,972,972,5
459,114.1753051,22.33725012,26.33333333,61.31933594,6286,143.8268768,0.945986299,1315,1315,6
460,114.1754571,22.33712594,42,70.40067291,22230,165.4460408,0.956924219,1563,1563,6
461,114.1754571,22.33712594,42,70.40067291,22230,165.4460408,0.956924219,1563,1563,6
462,114.1753051,22.33725012,26.33333333,61.31933594,6286,143.8268768,0.945986299,1315,1315,6
463,114.1752728,22.33733308,26.33333333,61.5136528,2352,174.8648806,0.885092153,1315,1315,6
464,114.1564808,22.28175665,85,89.2852478,27141,137.2492476,0.96784567,3619,3619,10
465,114.1564917,22.28181431,86,89.73555374,23095,137.8510949,0.791448333,3619,3619,10
466,114.1564059,22.28183083,87,77.75169373,25114,177.2036104,0.54835665,3619,3619,10
467,114.1565372,22.281742,74,51.37935257,8064,133.6660706,0.992181568,2641,2641,9
468,114.1564808,22.28175665,88,89.2852478,27141,137.2492476,0.96784567,3619,3619,10
469,114.1566253,22.28166202,75,62.34439087,3304,118.7236295,0.94556533,2641,2641,9
470,114.1564917,22.28181431,85,89.73555374,23095,137.8510949,0.791448333,3619,3619,10
471,114.1564059,22.28183083,82,77.75169373,25114,177.2036104,0.54835665,3619,3619,10
472,114.1565372,22.281742,76,51.37935257,8064,133.6660706,0.992181568,2641,2641,9
473,114.1565299,22.28168609,77,63.9725914,1780,192.7879344,0.866537476,2641,2641,9
474,114.1564632,22.28169468,79,80.45811844,23760,133.9089746,0.983369723,3619,3619,10
475,114.1564917,22.28181431,76,89.73555374,23095,137.8510949,0.791448333,3619,3619,10
476,114.1564808,22.28175665,73,89.2852478,27141,137.2492476,0.96784567,3619,3619,10
477,114.1564917,22.28181431,70,89.73555374,23095,137.8510949,0.791448333,3619,3619,10
478,114.1564059,22.28183083,67,77.75169373,25114,177.2036104,0.54835665,3619,3619,10
479,114.1565372,22.281742,78,51.37935257,8064,133.6660706,0.992181568,2641,2641,9
480,114.1565299,22.28168609,72,63.9725914,1780,192.7879344,0.866537476,2641,2641,9
481,114.1564632,22.28169468,76,80.45811844,23760,133.9089746,0.983369723,3619,3619,10
482,114.1564808,22.28175665,73,89.2852478,27141,137.2492476,0.96784567,3619,3619,10
483,114.1566253,22.28166202,23,62.34439087,3304,118.7236295,0.94556533,2641,2641,9
484,114.1564917,22.28181431,70,89.73555374,23095,137.8510949,0.791448333,3619,3619,10
485,114.1565372,22.281742,75,51.37935257,8064,133.6660706,0.992181568,2641,2641,9
486,114.1565299,22.28168609,76,63.9725914,1780,192.7879344,0.866537476,2641,2641,9
487,114.1564632,22.28169468,67,80.45811844,23760,133.9089746,0.983369723,3619,3619,10
488,114.1564808,22.28175665,80,89.2852478,27141,137.2492476,0.96784567,3619,3619,10
489,114.1566253,22.28166202,77,62.34439087,3304,118.7236295,0.94556533,2641,2641,9
490,114.1564917,22.28181431,81,89.73555374,23095,137.8510949,0.791448333,3619,3619,10
491,114.1565372,22.281742,78,51.37935257,8064,133.6660706,0.992181568,2641,2641,9
492,114.1565299,22.28168609,79,63.9725914,1780,192.7879344,0.866537476,2641,2641,9
493,114.1564632,22.28169468,82,80.45811844,23760,133.9089746,0.983369723,3619,3619,10
494,114.1564808,22.28175665,83,89.2852478,27141,137.2492476,0.96784567,3619,3619,10
495,114.1565299,22.28168609,80,63.9725914,1780,192.7879344,0.866537476,2641,2641,9
496,114.1564632,22.28169468,84,80.45811844,23760,133.9089746,0.983369723,3619,3619,10
497,114.1562994,22.28159157,100,70.70454788,17506,176.053738,0.836189357,3826,3826,10
498,114.1561858,22.28156671,80,88.55926132,20192,192.46427,0.931393891,3826,3826,10
499,114.1562994,22.28159157,100,70.70454788,17506,176.053738,0.836189357,3826,3826,10
500,114.1564808,22.28175665,85,89.2852478,27141,137.2492476,0.96784567,3619,3619,10
501,114.1564917,22.28181431,50,89.73555374,23095,137.8510949,0.791448333,3619,3619,10
502,114.1564059,22.28183083,70,77.75169373,25114,177.2036104,0.54835665,3619,3619,10
503,114.1565372,22.281742,81,51.37935257,8064,133.6660706,0.992181568,2641,2641,9
504,114.1565299,22.28168609,82,63.9725914,1780,192.7879344,0.866537476,2641,2641,9
505,114.1564632,22.28169468,88,80.45811844,23760,133.9089746,0.983369723,3619,3619,10
506,114.1561858,22.28156671,100,88.55926132,20192,192.46427,0.931393891,3826,3826,10
507,114.1560935,22.28145734,120,74.88193893,16248,129.3326555,0.981030043,3892,3892,10
508,114.1562994,22.28159157,100,70.70454788,17506,176.053738,0.836189357,3826,3826,10
509,114.1560935,22.28145734,120,74.88193893,16248,129.3326555,0.981030043,3892,3892,10
510,114.1561858,22.28156671,80,88.55926132,20192,192.46427,0.931393891,3826,3826,10
511,114.1560935,22.28145734,120,74.88193893,16248,129.3326555,0.981030043,3892,3892,10
512,114.1558153,22.28136446,120,85.81951523,14085,147.3953842,0.961782025,3892,3892,10
513,114.1558153,22.28136446,120,85.81951523,14085,147.3953842,0.961782025,3892,3892,10
514,114.1558153,22.28136446,120,85.81951523,14085,147.3953842,0.961782025,3892,3892,10
515,114.1558153,22.28136446,120,85.81951523,14085,147.3953842,0.961782025,3892,3892,10
516,114.1558153,22.28136446,120,85.81951523,14085,147.3953842,0.961782025,3892,3892,10
517,114.1558153,22.28136446,120,85.81951523,14085,147.3953842,0.961782025,3892,3892,10
518,114.1560935,22.28145734,120,74.88193893,16248,129.3326555,0.981030043,3892,3892,10
519,114.1558153,22.28136446,120,85.81951523,14085,147.3953842,0.961782025,3892,3892,10
520,114.1558153,22.28136446,120,85.81951523,14085,147.3953842,0.961782025,3892,3892,10
521,114.1555467,22.28112115,99,83.11270905,28791,147.978604,0.872453827,3785,3785,10
522,114.1555467,22.28112115,100,83.11270905,28791,147.978604,0.872453827,3785,3785,10
523,114.1555467,22.28112115,100,83.11270905,28791,147.978604,0.872453827,3785,3785,10
524,114.1551885,22.28086898,37,51.03730392,16723,134.0996074,0.763738398,1480,1480,6
525,114.1555467,22.28112115,100,83.11270905,28791,147.978604,0.872453827,3785,3785,10
526,114.1555467,22.28112115,80,83.11270905,28791,147.978604,0.872453827,3785,3785,10
527,114.1551885,22.28086898,42,51.03730392,16723,134.0996074,0.763738398,1480,1480,6
528,114.1551885,22.28086898,42,51.03730392,16723,134.0996074,0.763738398,1480,1480,6
529,114.1551958,22.28053891,18.66666667,27.44101334,6664,189.0534611,0.90006605,1248,1248,6
530,114.1551958,22.28053891,19.16666667,42.44101334,6664,189.0534611,0.90006605,1248,1248,6
531,114.1551958,22.28053891,19.66666667,42.44101334,6664,189.0534611,0.90006605,1248,1248,6
532,114.1554708,22.2801085,45,57.15260315,15387,157.001284,0.776886007,2311,2311,8
533,114.1554615,22.2802029,40,63.97317123,5700,161.9465611,0.93048252,2808,2808,9
534,114.1555091,22.28018734,70,65.72676086,11208,141.5603176,0.943525344,2311,2311,8
535,114.1554708,22.2801085,64,57.15260315,15387,157.001284,0.776886007,2311,2311,8
536,114.1554615,22.2802029,55,63.97317123,5700,161.9465611,0.93048252,2808,2808,9
537,114.1555091,22.28018734,48,65.72676086,11208,141.5603176,0.943525344,2311,2311,8
538,114.1554708,22.2801085,30,57.15260315,15387,157.001284,0.776886007,2311,2311,8
539,114.1554615,22.2802029,33,63.97317123,5700,161.9465611,0.93048252,2808,2808,9
540,114.1555091,22.28018734,70,65.72676086,11208,141.5603176,0.943525344,2311,2311,8
541,114.1554708,22.2801085,64,57.15260315,15387,157.001284,0.776886007,2311,2311,8
542,114.1554615,22.2802029,39,63.97317123,5700,161.9465611,0.93048252,2808,2808,9
543,114.1554582,22.27994766,48,60.18447113,7915,144.7999581,0.889563337,2311,2311,8
544,114.1555091,22.28018734,30,65.72676086,11208,141.5603176,0.943525344,2311,2311,8
545,114.1552092,22.28012589,22,56.03203583,2604,154.7973785,0.953015293,1143,1143,5
546,114.1554708,22.2801085,65.3,57.15260315,15387,157.001284,0.776886007,2311,2311,8
547,114.1554708,22.2801085,63.6,57.15260315,15387,157.001284,0.776886007,2311,2311,8
548,114.1554582,22.27994766,61.9,60.18447113,7915,144.7999581,0.889563337,2311,2311,8
549,114.1555091,22.28018734,60.2,65.72676086,11208,141.5603176,0.943525344,2311,2311,8
550,114.1554708,22.2801085,65.3,57.15260315,15387,157.001284,0.776886007,2311,2311,8
551,114.1554615,22.2802029,55,63.97317123,5700,161.9465611,0.93048252,2808,2808,9
552,114.1554582,22.27994766,63.6,60.18447113,7915,144.7999581,0.889563337,2311,2311,8
553,114.1555091,22.28018734,61.9,65.72676086,11208,141.5603176,0.943525344,2311,2311,8
554,114.1554708,22.2801085,60.2,57.15260315,15387,157.001284,0.776886007,2311,2311,8
555,114.1554615,22.2802029,36,63.97317123,5700,161.9465611,0.93048252,2808,2808,9
556,114.1555091,22.28018734,65.3,65.72676086,11208,141.5603176,0.943525344,2311,2311,8
557,114.1554582,22.27994766,63.6,60.18447113,7915,144.7999581,0.889563337,2311,2311,8
558,114.1554582,22.27994766,61.9,60.18447113,7915,144.7999581,0.889563337,2311,2311,8
559,114.1554582,22.27994766,60.2,60.18447113,7915,144.7999581,0.889563337,2311,2311,8
560,114.1553522,22.27975749,36,48.07404709,5459,107.4364955,0.924107327,1455,1455,6
561,114.1554708,22.2801085,58.5,57.15260315,15387,157.001284,0.776886007,2311,2311,8
562,114.1555091,22.28018734,66,65.72676086,11208,141.5603176,0.943525344,2311,2311,8
563,114.1554582,22.27994766,49,60.18447113,7915,144.7999581,0.889563337,2311,2311,8
564,114.1553522,22.27975749,36,48.07404709,5459,107.4364955,0.924107327,1455,1455,6
565,114.1553522,22.27975749,37,48.07404709,5459,107.4364955,0.924107327,1455,1455,6
566,114.1553522,22.27975749,37,48.07404709,5459,107.4364955,0.924107327,1455,1455,6
567,114.1553522,22.27975749,37,48.07404709,5459,107.4364955,0.924107327,1455,1455,6
568,114.1501106,22.28415418,20,41.10545349,7178,121.2911507,0.551007484,715,715,4
569,114.1502467,22.28411849,22,40.34495544,6482,163.4477198,0.821304783,715,715,4
570,114.1502743,22.28415264,20,39.35897064,4397,142.160629,0.828382138,715,715,4
571,114.1501106,22.28415418,21,41.10545349,7178,121.2911507,0.551007484,715,715,4
572,114.1502467,22.28411849,22,40.34495544,6482,163.4477198,0.821304783,715,715,4
573,114.1502743,22.28415264,20,39.35897064,4397,142.160629,0.828382138,715,715,4
574,114.1501106,22.28415418,22,41.10545349,7178,121.2911507,0.551007484,715,715,4
575,114.1498915,22.28437228,26.33333333,59.97106171,5721,100.2347212,0.94527655,1336,1336,6
576,114.1499116,22.28439534,26.33333333,51.08202362,6044,94.81602174,0.975422381,1336,1336,6
577,114.1501106,22.28415418,20,41.10545349,7178,121.2911507,0.551007484,715,715,4
578,114.1502467,22.28411849,24,40.34495544,6482,163.4477198,0.821304783,715,715,4
579,114.1502743,22.28415264,9,39.35897064,4397,142.160629,0.828382138,715,715,4
580,114.1501106,22.28415418,22,41.10545349,7178,121.2911507,0.551007484,715,715,4
581,114.1502377,22.28477704,17.66666667,40.14151764,837,105.4054801,0.844137418,1231,1231,6
582,114.1502377,22.28477704,18.16666667,40.14151764,837,105.4054801,0.844137418,1231,1231,6
583,114.1505621,22.28480451,21,44.11947632,8135,156.4697339,0.814613826,838,838,5
584,114.1505621,22.28480451,15,29.11947632,8135,156.4697339,0.814613826,838,838,5
585,114.1505621,22.28480451,15,29.11947632,8135,156.4697339,0.814613826,838,838,5
586,114.1505621,22.28480451,15,29.11947632,8135,156.4697339,0.814613826,838,838,5
587,114.1683409,22.32497119,43,67.22236633,16899,159.425078,0.46730098,1735,1735,7
588,114.1683486,22.32513139,42,50.20306396,12997,162.109275,0.9249746,1710,1710,7
589,114.1683486,22.32513139,40,50.20306396,12997,162.109275,0.9249746,1710,1710,7
590,114.1683409,22.32497119,37,67.22236633,16899,159.425078,0.46730098,1735,1735,7
591,114.1683486,22.32513139,27,50.20306396,12997,162.109275,0.9249746,1710,1710,7
592,114.1682965,22.32530299,33,53.6257515,10154,161.719452,0.847019614,1710,1710,7
593,114.1683486,22.32513139,33,50.20306396,12997,162.109275,0.9249746,1710,1710,7
594,114.168209,22.32571287,50,53.55832672,5120,119.6170777,0.874481037,1791,1791,7
595,114.1681215,22.32612275,55,52.31161499,13667,158.1938397,0.799611381,1951,1951,7
596,114.1679577,22.32647748,48.33333333,61.48371124,10464,180.3871169,0.563192313,1847,1847,7
597,114.1678065,22.32630367,48.33333333,64.35163498,16087,101.8337161,0.841391969,1847,1847,7
598,114.1678495,22.32649284,48.33333333,59.81940842,5667,129.8690476,0.993106849,1847,1847,7
599,114.1681215,22.32612275,60,52.31161499,13667,158.1938397,0.799611381,1951,1951,7
600,114.1679577,22.32647748,48.33333333,61.48371124,10464,180.3871169,0.563192313,1847,1847,7
601,114.1680612,22.32645359,38,51.86055374,19544,97.14952718,0.50345277,1760,1760,7
602,114.1678065,22.32630367,48.33333333,64.35163498,16087,101.8337161,0.841391969,1847,1847,7
603,114.1678495,22.32649284,48.33333333,59.81940842,5667,129.8690476,0.993106849,1847,1847,7
604,114.1677878,22.32649705,48.33333333,51.56905365,14899,104.5051341,0.454800282,1847,1847,7
605,114.1673386,22.32647206,42,47.14374542,10322,159.7472084,0.832657197,1528,1528,6
606,114.1673386,22.32647206,42,47.14374542,10322,159.7472084,0.832657197,1528,1528,6
607,114.1678495,22.32649284,48.33333333,59.81940842,5667,129.8690476,0.993106849,1847,1847,7
608,114.1677878,22.32649705,48.33333333,51.56905365,14899,104.5051341,0.454800282,1847,1847,7
609,114.1673386,22.32647206,42,47.14374542,10322,159.7472084,0.832657197,1528,1528,6
610,114.1671988,22.32646531,25,49.2134552,7687,142.7536711,0.822238834,999,999,5
611,114.1671988,22.32646531,27,49.2134552,7687,142.7536711,0.822238834,999,999,5
612,114.1668803,22.326452,23,46.5684967,2526,111.7507513,0.901513476,999,999,5
613,114.1668803,22.326452,25,46.5684967,2526,111.7507513,0.901513476,999,999,5
614,114.1671988,22.32646531,15,34.2134552,7687,142.7536711,0.822238834,999,999,5
615,114.1668803,22.326452,20,46.5684967,2526,111.7507513,0.901513476,999,999,5
616,114.1668803,22.326452,15,31.5684967,2526,111.7507513,0.901513476,999,999,5
617,114.1668803,22.326452,12.5,31.5684967,2526,111.7507513,0.901513476,999,999,5
618,114.1668803,22.326452,10,31.5684967,2526,111.7507513,0.901513476,999,999,5
619,114.1661723,22.32624414,18,42.59169006,9815,134.7876684,0.886887912,938,938,5
620,114.1661723,22.32624414,18,42.59169006,9815,134.7876684,0.886887912,938,938,5
621,114.1661304,22.32634823,18,37.91895676,4870,118.6408551,0.806374721,938,938,5
622,114.1660006,22.32630921,19,49.98826599,7026,126.3682036,0.889129457,840,840,5
623,114.1658921,22.32634939,19,50.02421188,4670,149.6915409,0.948756541,840,840,5
624,114.1660539,22.32641894,19,46.83545685,8925,143.0882544,0.745428214,840,840,5
625,114.1658921,22.32634939,19,50.02421188,4670,149.6915409,0.948756541,840,840,5
626,114.1658329,22.32640988,19,50.7496376,3475,144.595811,0.994453415,840,840,5
627,114.1658329,22.32640988,19,50.7496376,3475,144.595811,0.994453415,840,840,5
628,114.1661723,22.32624414,18,42.59169006,9815,134.7876684,0.886887912,938,938,5
629,114.1661304,22.32634823,18,37.91895676,4870,118.6408551,0.806374721,938,938,5
630,114.1660006,22.32630921,19,49.98826599,7026,126.3682036,0.889129457,840,840,5
631,114.1660539,22.32641894,19,46.83545685,8925,143.0882544,0.745428214,840,840,5
632,114.1660539,22.32641894,19,46.83545685,8925,143.0882544,0.745428214,840,840,5
633,114.1660539,22.32641894,19,46.83545685,8925,143.0882544,0.745428214,840,840,5
634,114.1658921,22.32634939,19,50.02421188,4670,149.6915409,0.948756541,840,840,5
635,114.1658329,22.32640988,19,50.7496376,3475,144.595811,0.994453415,840,840,5
636,114.1658921,22.32634939,19,50.02421188,4670,149.6915409,0.948756541,840,840,5
637,114.1658329,22.32640988,19,50.7496376,3475,144.595811,0.994453415,840,840,5
638,114.1652849,22.32638785,9,55.00767899,12757,142.7136666,0.881052756,742,742,4
639,114.1652849,22.32638785,9,55.00767899,12757,142.7136666,0.881052756,742,742,4
640,114.1648361,22.32636984,25,51.7854805,7312,136.6476755,0.921429333,890,890,5
641,114.1643874,22.3263518,22,46.294487,6230,114.1973503,0.877571513,844,844,5
642,114.1644009,22.32618053,22,59.85447693,6271,122.6739583,0.912363101,1068,1068,5
643,114.1645117,22.32629128,25,56.5955925,5502,132.7855658,0.932103515,890,890,5
644,114.1644009,22.32618053,22,59.85447693,6271,122.6739583,0.912363101,1068,1068,5
645,114.1645117,22.32629128,25,56.5955925,5502,132.7855658,0.932103515,890,890,5
646,114.1644009,22.32618053,24,59.85447693,6271,122.6739583,0.912363101,1068,1068,5
647,114.1645117,22.32629128,24,56.5955925,5502,132.7855658,0.932103515,890,890,5
648,114.1644009,22.32618053,24,59.85447693,6271,122.6739583,0.912363101,1068,1068,5
649,114.1644009,22.32618053,25,59.85447693,6271,122.6739583,0.912363101,1068,1068,5
650,114.1645117,22.32629128,25,56.5955925,5502,132.7855658,0.932103515,890,890,5
651,114.1643874,22.3263518,22,46.294487,6230,114.1973503,0.877571513,844,844,5
652,114.1645117,22.32629128,25,56.5955925,5502,132.7855658,0.932103515,890,890,5
653,114.1645375,22.32641485,24,47.16233063,4460,119.4713937,0.796637004,890,890,5
654,114.1645117,22.32629128,25,56.5955925,5502,132.7855658,0.932103515,890,890,5
655,114.1645375,22.32641485,24,47.16233063,4460,119.4713937,0.796637004,890,890,5
656,114.1643874,22.3263518,22,46.294487,6230,114.1973503,0.877571513,844,844,5
657,114.1644009,22.32618053,25,59.85447693,6271,122.6739583,0.912363101,1068,1068,5
658,114.1640581,22.32643098,22,43.53394318,2184,132.0454625,0.905847656,1095,1095,5
659,114.1640581,22.32643098,22,43.53394318,2184,132.0454625,0.905847656,1095,1095,5
660,114.1640581,22.32643098,22,43.53394318,2184,132.0454625,0.905847656,1095,1095,5
661,114.1640581,22.32643098,22,43.53394318,2184,132.0454625,0.905847656,1095,1095,5
662,114.1643874,22.3263518,22,46.294487,6230,114.1973503,0.877571513,844,844,5
663,114.1645117,22.32629128,25,56.5955925,5502,132.7855658,0.932103515,890,890,5
664,114.1645375,22.32641485,25,47.16233063,4460,119.4713937,0.796637004,890,890,5
665,114.1640581,22.32643098,22,43.53394318,2184,132.0454625,0.905847656,1095,1095,5
666,114.1643874,22.3263518,22,46.294487,6230,114.1973503,0.877571513,844,844,5
667,114.1633659,22.32626375,31,57.37729645,3212,103.485499,0.642074219,1354,1354,6
668,114.1633531,22.32633141,31,50.19886398,12464,177.0307045,0.770728004,1354,1354,6
669,114.1632736,22.32636157,33,56.43545914,4698,196.6139323,0.789924859,1364,1364,6
670,114.1635644,22.3262913,31,55.51142502,8040,143.2799105,0.934622532,1354,1354,6
671,114.1640038,22.32642942,22,47.58875656,1172,150.6718399,0.943647104,1095,1095,5
672,114.1630285,22.32632422,33,57.18954086,4042,138.3116852,0.94784896,1364,1364,6
673,114.163094,22.32635695,32,53.24052811,8913,139.1772626,0.911126548,1364,1364,6
674,114.1635113,22.32646805,31,46.16382599,5906,160.9223071,0.912322201,1354,1354,6
675,114.1635113,22.32646805,31,46.16382599,5906,160.9223071,0.912322201,1354,1354,6
676,114.1635813,22.32641719,31,51.35126877,1410,122.7270607,0.825314148,1354,1354,6
677,114.1633659,22.32626375,31,57.37729645,3212,103.485499,0.642074219,1354,1354,6
678,114.1635644,22.3262913,21,55.51142502,8040,143.2799105,0.934622532,1354,1354,6
679,114.1634392,22.32644037,32,49.92045212,7131,114.1104097,0.952974787,1354,1354,6
680,114.1635113,22.32646805,33,46.16382599,5906,160.9223071,0.912322201,1354,1354,6
681,114.1635813,22.32641719,36,51.35126877,1410,122.7270607,0.825314148,1354,1354,6
682,114.1633659,22.32626375,32,57.37729645,3212,103.485499,0.642074219,1354,1354,6
683,114.1633531,22.32633141,15,35.19886398,12464,177.0307045,0.770728004,1354,1354,6
684,114.1635644,22.3262913,23,55.51142502,8040,143.2799105,0.934622532,1354,1354,6
685,114.1629171,22.32626822,25,48.78598785,6190,119.2946721,0.882786739,1029,1029,5
686,114.1630285,22.32632422,32,57.18954086,4042,138.3116852,0.94784896,1364,1364,6
687,114.163094,22.32635695,32,53.24052811,8913,139.1772626,0.911126548,1364,1364,6
688,114.1629171,22.32626822,27,48.78598785,6190,119.2946721,0.882786739,1029,1029,5
689,114.1630285,22.32632422,32,57.18954086,4042,138.3116852,0.94784896,1364,1364,6
690,114.1633531,22.32633141,31,50.19886398,12464,177.0307045,0.770728004,1354,1354,6
691,114.1632736,22.32636157,32,56.43545914,4698,196.6139323,0.789924859,1364,1364,6
692,114.1634392,22.32644037,33,49.92045212,7131,114.1104097,0.952974787,1354,1354,6
693,114.1635113,22.32646805,34,46.16382599,5906,160.9223071,0.912322201,1354,1354,6
694,114.1635813,22.32641719,35,51.35126877,1410,122.7270607,0.825314148,1354,1354,6
695,114.1619283,22.32615692,23,43.70177841,2859,147.7802118,0.885828447,1139,1139,5
696,114.1619283,22.32615692,24,43.70177841,2859,147.7802118,0.885828447,1139,1139,5
697,114.1622581,22.32625023,42,56.20531845,7893,152.485298,0.984105499,1585,1585,6
698,114.1619283,22.32615692,25,43.70177841,2859,147.7802118,0.885828447,1139,1139,5
699,114.1618991,22.32600072,25,40.96412659,2823,112.7215017,0.970789984,1139,1139,5
700,114.1622581,22.32625023,42,56.20531845,7893,152.485298,0.984105499,1585,1585,6
701,114.16086,22.32672913,48.33333333,53.81414795,13553,177.1442783,0.976830964,1009,1009,5
702,114.16086,22.32672913,15,38.81414795,13553,177.1442783,0.976830964,1009,1009,5
703,114.16086,22.32672913,22,53.81414795,13553,177.1442783,0.976830964,1009,1009,5
704,114.1618869,22.32742432,34,62.53236008,2706,117.9144099,0.814256947,1381,1381,6
705,114.1618174,22.32748504,40,60.96886444,10469,173.5710883,0.815091042,1381,1381,6
706,114.1616755,22.32762007,30,67.50307846,20243,126.4728652,0.690561293,1222,1222,6
707,114.1618072,22.32765007,28,60.18783951,5283,160.9341224,0.911703775,1222,1222,6
708,114.1618869,22.32742432,21,62.53236008,2706,117.9144099,0.814256947,1381,1381,6
709,114.1618174,22.32748504,30,60.96886444,10469,173.5710883,0.815091042,1381,1381,6
710,114.1619626,22.32751795,32,57.65684891,7689,136.3361307,0.986894751,1381,1381,6
711,114.1618869,22.32742432,34,62.53236008,2706,117.9144099,0.814256947,1381,1381,6
712,114.1618174,22.32748504,33,60.96886444,10469,173.5710883,0.815091042,1381,1381,6
713,114.1619626,22.32751795,33,57.65684891,7689,136.3361307,0.986894751,1381,1381,6
714,114.1618869,22.32742432,33,62.53236008,2706,117.9144099,0.814256947,1381,1381,6
715,114.1618174,22.32748504,33,60.96886444,10469,173.5710883,0.815091042,1381,1381,6
716,114.1619626,22.32751795,33,57.65684891,7689,136.3361307,0.986894751,1381,1381,6
717,114.1618869,22.32742432,33,62.53236008,2706,117.9144099,0.814256947,1381,1381,6
718,114.1618174,22.32748504,33,60.96886444,10469,173.5710883,0.815091042,1381,1381,6
719,114.1619626,22.32751795,33,57.65684891,7689,136.3361307,0.986894751,1381,1381,6
720,114.1618869,22.32742432,33,62.53236008,2706,117.9144099,0.814256947,1381,1381,6
721,114.1618174,22.32748504,33,60.96886444,10469,173.5710883,0.815091042,1381,1381,6
722,114.1618869,22.32742432,33,62.53236008,2706,117.9144099,0.814256947,1381,1381,6
723,114.1618174,22.32748504,33,60.96886444,10469,173.5710883,0.815091042,1381,1381,6
724,114.1619626,22.32751795,33,57.65684891,7689,136.3361307,0.986894751,1381,1381,6
725,114.1619626,22.32751795,33,57.65684891,7689,136.3361307,0.986894751,1381,1381,6
726,114.1619626,22.32751795,33,57.65684891,7689,136.3361307,0.986894751,1381,1381,6
727,114.1618072,22.32765007,27,60.18783951,5283,160.9341224,0.911703775,1222,1222,6
728,114.1616755,22.32762007,28,67.50307846,20243,126.4728652,0.690561293,1222,1222,6
729,114.1618072,22.32765007,27,60.18783951,5283,160.9341224,0.911703775,1222,1222,6
730,114.1616755,22.32762007,29,67.50307846,20243,126.4728652,0.690561293,1222,1222,6
731,114.1616755,22.32762007,31,67.50307846,20243,126.4728652,0.690561293,1222,1222,6
732,114.1618072,22.32765007,30,60.18783951,5283,160.9341224,0.911703775,1222,1222,6
733,114.2088707,22.32153559,25,61.9070816,11340,179.0034439,0.826510691,1080,1080,5
734,114.2090192,22.32168348,33,46.47071075,5224,163.8266835,0.996825787,1363,1363,6
735,114.2088821,22.32172161,25,63.41033936,13409,120.6554099,0.88537641,1080,1080,5
736,114.2089249,22.32181279,15,33.93972015,11327,130.4153794,0.788249864,838,838,5
737,114.2088707,22.32153559,25,61.9070816,11340,179.0034439,0.826510691,1080,1080,5
738,114.2090192,22.32168348,33,46.47071075,5224,163.8266835,0.996825787,1363,1363,6
739,114.2088821,22.32172161,25,63.41033936,13409,120.6554099,0.88537641,1080,1080,5
740,114.2089249,22.32181279,15,33.93972015,11327,130.4153794,0.788249864,838,838,5
741,114.2090416,22.32143244,33,63.61959076,3390,135.4982311,0.849749754,1363,1363,6
742,114.2088916,22.32149752,25,44.60287094,3620,162.2894705,0.947042052,1080,1080,5
743,114.2090808,22.3215478,33,51.64391327,7712,123.7891157,0.641722825,1363,1363,6
744,114.2090898,22.32182939,24.66666667,54.23606873,5935,165.975129,0.879117669,1268,1268,6
745,114.2090211,22.32186617,23,55.29677963,9260,109.8567191,0.804510138,1268,1268,6
746,114.2089249,22.32181279,15,33.93972015,11327,130.4153794,0.788249864,838,838,5
747,114.208767,22.32339249,23,51.18933487,2461,108.6398922,0.998231902,874,874,5
748,114.2089086,22.32277366,2,40.34425354,4902,171.5517563,0.751083065,245,245,3
749,114.2090065,22.32265767,3,39.92631912,3620,152.7919251,0.707457463,245,245,3
750,114.2088378,22.32255935,4,47.99860382,8739,98.63984738,0.961711037,245,245,3
751,114.2089086,22.32277366,3,40.34425354,4902,171.5517563,0.751083065,245,245,3
752,114.2056271,22.33523672,10,35.27017212,3994,89.09392214,0.737296861,701,701,4
753,114.2057514,22.33478306,27,52.55679321,975,153.9845291,0.704253604,1309,1309,6
754,114.2058377,22.33466521,7,48.96725845,9166,142.4838366,0.780792141,637,637,4
755,114.2057859,22.33481939,15,30.20088959,3835,111.6465134,0.92571813,734,734,4
756,114.2050276,22.33492599,45,56.6598053,4076,176.484015,0.885921606,1793,1793,7
757,114.2050437,22.33494673,50,57.56357574,9177,145.1679198,0.866150643,1793,1793,7
758,114.2051414,22.3349915,26,61.51554489,4527,145.4345498,0.923495905,1308,1308,6
759,114.2057514,22.33478306,26,52.55679321,975,153.9845291,0.704253604,1309,1309,6
760,114.2058377,22.33466521,7,48.96725845,9166,142.4838366,0.780792141,637,637,4
761,114.2057859,22.33481939,15,30.20088959,3835,111.6465134,0.92571813,734,734,4
762,114.2046308,22.33657962,60,49.74453735,5952,116.8792505,0.670852563,1941,1941,7
763,114.2056271,22.33523672,10,35.27017212,3994,89.09392214,0.737296861,701,701,4
764,114.2079151,22.33438452,26,55.55984497,7441,148.4198506,0.551175026,1738,1738,7
765,114.1921719,22.28769758,47,63.99003601,14735,157.8672357,0.959200961,2004,2004,7
766,114.1919075,22.28800702,17,35.54965973,2192,130.9585658,0.869301047,1194,1194,6
767,114.1915673,22.28827988,13,39.23433304,8354,120.8090117,0.938250943,1119,1119,5
768,114.191547,22.28835127,25,38.06502151,4715,125.9427528,0.930468684,1119,1119,5
769,114.1918402,22.28866792,17,47.43310547,4798,88.45708892,0.939997908,1335,1335,6
770,114.1919094,22.28806025,18,34.15308762,5740,149.1641232,0.919111518,1194,1194,6
771,114.1921988,22.28837987,22,62.43676376,8521,127.9494242,0.817592449,1225,1225,6
772,114.1931791,22.28959428,40,64.70333099,6221,161.0255611,0.952306172,1498,1498,6
773,114.1934819,22.28990038,41,68.40577698,8454,67.93482285,0.84156771,1498,1498,6
774,114.1757292,22.29549422,34,50.21889114,6533,185.4116818,0.652351904,1437,1437,6
775,114.1758586,22.2971776,60,59.06069946,7928,85.37375638,0.832442299,1958,1958,7
776,114.171714,22.30484639,60,85.67532349,30889,134.2546755,0.850828799,3518,3518,10
777,114.1717775,22.30401259,90,81.41135025,38829,161.2483809,0.637299545,3834,3834,10
778,114.1718003,22.30359519,200,96.11255264,30525,176.279741,0.707864723,4083,4083,10
779,114.1735235,22.30401778,25,55.71216202,15007,172.9613401,0.926906639,1259,1259,6
780,114.173562,22.30360138,35,51.73004532,1122,96.32136541,0.982552129,1492,1492,6
781,114.1717308,22.30331044,57,67.20751572,4616,150.0793214,0.999261758,3382,3382,10
782,114.1717026,22.30372756,80,62.13594055,12860,135.9090357,0.938102716,2851,2851,9
783,114.1716686,22.30414429,57,57.91762543,4077,116.8272337,0.912187547,2347,2347,8
784,114.1716317,22.30456083,50,69.25683212,19250,98.55271875,0.918226266,2688,2688,9
785,114.1715973,22.30497755,60,92.00862122,30528,162.5080149,0.8040829,3518,3518,10
786,114.1735173,22.30335513,36,67.13138199,8317,152.5140186,0.803386083,1492,1492,6
787,114.1718225,22.30315572,120,92.84859085,37250,213.9037216,0.600065193,3953,3953,10
788,114.1718491,22.30273853,80,72.40357208,8918,140.8334753,0.91912997,2878,2878,9
789,114.1718788,22.30232149,40.76190476,52.92404175,8253,122.4979369,0.895127498,1609,1609,6
790,114.1754983,22.29732274,52,62.21828461,18348,175.5668335,0.818496778,1958,1958,7
791,114.1755646,22.29773613,37.33333333,65.96156693,23476,150.1231712,0.981735319,1694,1694,7
792,114.1756312,22.29814948,37.61904762,55.17425919,10896,105.2696127,0.847561926,1691,1691,7
793,114.175698,22.2985628,55,64.93395615,23966,159.3174182,0.744440846,1901,1901,7
794,114.1755345,22.29726879,25,67.55909729,5585,155.4648605,0.650902778,1958,1958,7
795,114.1762738,22.29715149,250,83.98406601,18306,157.6792784,0.766100007,4095,4095,10
796,114.1721171,22.30267689,50,72.25895309,18012,133.0926352,0.975099806,2656,2656,9
797,114.1717911,22.30237491,40.47619048,58.17120361,5700,126.6339505,0.743680657,1609,1609,6
798,114.1717648,22.30279215,80,64.91258621,15625,137.3593203,0.966722813,2878,2878,9
799,114.1890178,22.30074519,12,27.25011826,6742,128.5030996,0.653464851,702,702,4
800,114.1862533,22.29988434,60,62.05854416,3761,154.4475282,0.983916179,2502,2502,9
801,114.1857316,22.29941809,15,31.55422974,1250,137.9859604,0.879359501,749,749,4
802,114.1861426,22.29958658,32,48.19864655,5215,108.6985802,0.534710644,1507,1507,6
803,114.186967,22.2999187,6,52.069664,5138,131.041541,0.951273127,804,804,4
804,114.1873795,22.3000841,21,40.56432343,5210,106.3373708,0.545658848,1043,1043,5
805,114.187792,22.3002495,55,61.26144028,5181,210.2696266,0.80498588,2109,2109,7
806,114.1882045,22.3004149,27,49.41921997,4593,134.2207866,0.957268528,1348,1348,6
807,114.1886162,22.30058193,21,42.36842346,1440,111.3601404,0.786019791,1094,1094,5
808,114.1919232,22.2877693,40.19047619,57.81489563,12467,151.2685836,0.503920626,1625,1625,6
809,114.1914605,22.28824745,25,48.48581314,12391,134.2888406,0.793784657,1119,1119,5
810,114.1758737,22.29611827,37.9047619,76.8710289,5577,107.8805527,0.707571162,1686,1686,7
811,114.1762273,22.29701142,60,69.67049026,4481,162.022422,0.772660737,2414,2414,8
812,114.186838,22.30046072,42,46.34841919,20521,142.1821508,0.800366123,1742,1742,7
813,114.1719612,22.30325574,120,93.76491928,32535,163.223077,0.92714333,3953,3953,10
814,114.1724086,22.30329183,60,73.87992096,7367,152.2627152,0.731162929,3579,3579,10
815,114.1728569,22.3033181,34,45.42023468,4284,124.0385595,0.934497655,1532,1532,6
816,114.1733052,22.30334403,37,60.1583786,7860,174.3655282,0.90367591,1492,1492,6
817,114.1754159,22.29575921,21,50.96675491,1283,147.1969987,0.822009554,1261,1261,6
818,114.175476,22.29617061,38.19047619,48.8067627,9277,121.7437075,0.615997797,1667,1667,7
819,114.1755452,22.29658359,60,52.20094299,8516,165.7389923,0.80252994,2009,2009,7
820,114.1756203,22.29699567,55,53.04516602,13547,156.2342636,0.705239671,2146,2146,7
821,114.1760024,22.29703805,60,58.67193985,3480,137.4407778,0.957834747,2414,2414,8
822,114.1754081,22.29717969,39.9047619,48.19240952,17073,166.0237699,0.944446437,1638,1638,6
823,114.175343,22.29676617,23,48.24391937,13416,136.7415801,0.94674895,1325,1325,6
824,114.1752762,22.29635284,25,44.49489594,6979,112.405053,0.937846597,1162,1162,5
825,114.1752129,22.29593903,22,58.26262665,9450,143.2287965,0.592001347,1261,1261,6
826,114.1717173,22.30238986,35,57.13049698,12282,143.3089471,0.653523016,1544,1544,6
827,114.1716986,22.30280745,57,56.17005539,10335,117.6406321,0.882652303,1996,1996,7
828,114.173605,22.29294762,6,69.61536026,13845,144.9687895,0.984681672,634,634,4
829,114.1740529,22.29297906,15,40.41031265,962,164.6593171,0.889077398,824,824,4
830,114.1745008,22.29301051,12,33.64666748,7266,95.31211148,0.622374485,792,792,4
831,114.1748901,22.2931593,67,80.33456039,13621,172.3425442,0.882558907,2134,2134,7
832,114.1751812,22.29347764,80,89.98588943,19510,203.7050108,0.815059368,2880,2880,9
833,114.1754723,22.29379598,45,85.46695709,12732,189.9352929,0.640019745,2908,2908,9
834,114.1757633,22.29411432,45,87.57107925,9275,193.1689157,0.828453188,2770,2770,9
835,114.1760469,22.29443783,55,88.1104126,13836,212.5578932,0.645986491,3245,3245,9
836,114.176235,22.29481602,80,74.19600677,10701,155.5520511,0.802993769,2887,2887,9
837,114.1746819,22.29324599,55,75.33873367,3331,90.15169373,0.600887974,3263,3263,9
838,114.1882442,22.30065179,57,70.24420166,3930,119.9580371,0.968678802,2334,2334,8
839,114.1886356,22.3008427,26,48.35249329,1232,62.57321349,0.774081161,1094,1094,5
840,114.1890462,22.3010122,25,44.41421509,5155,107.1426836,0.886067879,1075,1075,5
841,114.1717168,22.30515529,120,84.36629105,15885,152.2861161,0.709404494,3993,3993,10
842,114.1716605,22.30317512,47,74.24832916,21182,160.1050652,0.937697058,3382,3382,10
843,114.171416,22.30317625,85,62.28634644,3574,134.5247,0.912250622,3382,3382,10
844,114.1928754,22.28845464,39.33333333,59.81591415,19509,190.029267,0.934075552,1655,1655,6
845,114.1931639,22.28877501,7,50.46145248,4199,196.2136314,0.648841165,1157,1157,5
846,114.1934607,22.28908874,31,54.33800125,5342,144.6123467,0.890816989,1368,1368,6
847,114.1937517,22.28940699,15,39.82220078,6135,143.2546,0.815786551,1158,1158,5
848,114.1756481,22.29723376,52,52.09454346,10436,113.9101865,0.979420247,1958,1958,7
849,114.1916279,22.28939794,18,30.6221962,3812,107.2800101,0.821363374,864,864,5
850,114.1919684,22.28912538,12,36.18651581,2290,111.5532918,0.980499443,1068,1068,5
851,114.1923089,22.28885284,15,31.35800934,5651,85.14513257,0.946832118,1078,1078,5
852,114.1921785,22.28769321,58,45.14999771,12929,123.0484643,0.800902875,2004,2004,7
853,114.1924699,22.28801131,65,54.11660767,8007,145.7888165,0.923113827,2019,2019,7
854,114.1927613,22.28832941,39.04761905,58.76410294,11820,157.8229768,0.879661831,1655,1655,6
855,114.1912808,22.28841463,21,46.316185,7329,163.0107432,0.85716767,1119,1119,5
856,114.1716757,22.3033433,56,75.03546143,18560,181.2961743,0.844439863,3382,3382,10
857,114.1716365,22.30313257,76,62.5394516,12856,136.7367271,0.916359935,3382,3382,10
858,114.1711878,22.30311451,55,66.55102921,2746,141.6602867,0.835138373,2250,2250,8
859,114.1719748,22.30262318,45,66.11730957,14002,143.6840649,0.893442522,2878,2878,9
860,114.1736268,22.30335803,38,43.97262955,7649,169.763393,0.944200583,1492,1492,6
861,114.1740759,22.30336636,19,60.31600952,3856,107.5076925,0.772311631,911,911,5
862,114.1914308,22.28955556,12,37.86609268,9948,180.7356039,0.579553703,797,797,4
863,114.1873307,22.30125384,55,57.03926086,15589,139.9664491,0.633123256,1995,1995,7
864,114.1863901,22.30116837,20,61.79254913,23703,166.4264379,0.685611647,947,947,5
865,114.1868347,22.30117711,60,59.27807236,4868,158.2375586,0.979341245,2073,2073,7
866,114.1872562,22.30132125,57,63.36826706,7691,141.9253069,0.763886605,1995,1995,7
867,114.1861779,22.30090002,5,46.6437645,3767,156.5594441,0.980444779,947,947,5
868,114.1865475,22.30083196,5,53.28575134,6353,167.3535422,0.777723995,622,622,4
869,114.1862984,22.29983947,60,59.65885925,8615,136.6850213,0.507233224,2502,2502,9
870,114.1869387,22.30032296,44,56.85968018,6625,97.53880093,0.496257831,1742,1742,7
871,114.1867672,22.30070885,6,46.62693024,4622,112.6025931,0.426770855,622,622,4
872,114.1868785,22.300992,60,68.31254578,7480,135.3051274,0.918738763,2073,2073,7
873,114.1872946,22.30114926,80,63.93880463,11284,135.4190138,0.864460164,2941,2941,9
874,114.1877108,22.30130653,55,66.25973892,4608,122.8107471,0.860519463,2147,2147,7
875,114.1931226,22.28953961,70,81.07996368,11259,154.1018671,0.910019797,2538,2538,9
876,114.1928619,22.28920521,33,49.2460556,3634,87.37680445,0.968064686,1520,1520,6
877,114.1925701,22.28888745,55,54.02323151,13452,136.9385516,0.798306802,1926,1926,7
878,114.175527,22.29392037,45,68.68822098,7047,116.5798952,0.855420798,2770,2770,9
879,114.1751188,22.29383625,80,67.31386185,23902,211.0981595,0.528088369,3647,3647,10
880,114.171776,22.3049625,60,70.63943863,15354,163.6315459,0.672750035,3518,3518,10
881,114.1718062,22.30454551,170,65.04629898,19101,198.0213945,0.625952166,4066,4066,10
882,114.1718704,22.30371275,90,76.82712555,22398,179.1008894,0.755229753,3834,3834,10
883,114.1756945,22.29536585,33,50.91123962,6677,127.8566014,0.738074707,1437,1437,6
884,114.1758382,22.29544529,55,71.07098007,2971,132.6888843,0.818524969,2385,2385,8
885,114.1758433,22.29535354,55,71.53039932,10999,159.5274005,0.601569186,2385,2385,8
886,114.1930926,22.28957515,55,66.41801453,9582,171.2071273,0.888590729,3335,3335,10
887,114.1929443,22.28951605,70,71.73293304,6247,193.7675901,0.873201343,2538,2538,9
888,114.1766795,22.29724482,60,74.62851334,3098,183.6158344,0.852525174,3533,3533,10
889,114.192128,22.28770573,59,53.89784622,13764,155.648646,0.973625541,2004,2004,7
890,114.1918388,22.2880562,22,48.680336,8754,186.4324719,0.807343015,1194,1194,6
891,114.192808,22.28839157,38.76190476,65.23775101,16562,113.5349767,0.343574506,1655,1655,6
892,114.192463,22.28866681,60,66.72171783,12009,180.2901117,0.926921742,2434,2434,9
893,114.1923976,22.28867112,60,61.69118118,23311,153.7210036,0.760724813,2434,2434,9
894,114.1921083,22.28835134,16,28.05229568,4101,118.5091734,0.965681207,1225,1225,6
895,114.1928202,22.28833472,38.47619048,53.11573792,10671,149.5330249,0.894718287,1655,1655,6
896,114.1925323,22.28801384,65,65.39384079,14715,197.6230222,0.947788175,2019,2019,7
897,114.1922545,22.28768845,46,56.96755219,9668,108.3519143,0.947376385,2004,2004,7
898,114.1736634,22.30350981,39,55.72566223,6003,167.922017,0.820453148,1492,1492,6
899,114.1740375,22.30341843,32,61.82282257,2482,76.99917424,0.931878434,1439,1439,6
900,114.1744863,22.30343605,17,41.82050705,4752,123.5264767,0.996797576,949,949,5
901,114.1869763,22.30112125,64,72.09977341,10966,147.4502133,0.933670746,2073,2073,7
902,114.1868941,22.30108782,57,69.49145126,5026,163.8375528,0.858134977,2073,2073,7
903,114.1751129,22.29726034,39.61904762,46.58266068,2559,123.3166253,0.802349235,1638,1638,6
904,114.1755896,22.29707247,65,70.18466568,23141,143.9172277,0.558821575,2146,2146,7
905,114.1868619,22.30020043,42,58.01794052,5637,142.683492,0.690888111,1742,1742,7
906,114.1758889,22.29547439,55,69.68539047,10381,175.3146416,0.563386694,2385,2385,8
907,114.175976,22.295448,55,64.45033646,12718,164.5702191,0.669237544,2385,2385,8
908,114.1759326,22.29541391,55,73.10659409,6337,167.5594393,0.610647502,2385,2385,8
909,114.175997,22.2953388,55,60.43482208,2092,149.6593581,0.827429109,2385,2385,8
910,114.1930069,22.28957642,55,66.05462646,2402,138.0958042,0.991772629,3335,3335,10
